-- --------------------------------------------------------
-- Host:                         127.0.0.1
-- Server version:               5.7.14 - MySQL Community Server (GPL)
-- Server OS:                    Win64
-- HeidiSQL Version:             9.3.0.4984
-- --------------------------------------------------------

/*!40101 SET @OLD_CHARACTER_SET_CLIENT=@@CHARACTER_SET_CLIENT */;
/*!40101 SET NAMES utf8mb4 */;
/*!40014 SET @OLD_FOREIGN_KEY_CHECKS=@@FOREIGN_KEY_CHECKS, FOREIGN_KEY_CHECKS=0 */;
/*!40101 SET @OLD_SQL_MODE=@@SQL_MODE, SQL_MODE='NO_AUTO_VALUE_ON_ZERO' */;
-- Dumping data for table gigablaster.demand: ~75 rows (approximately)
/*!40000 ALTER TABLE `demand` DISABLE KEYS */;
INSERT IGNORE INTO `demand` (`entity_id`, `ressource_id`, `percent`, `sold`, `price_modifier`) VALUES
	(3, 4, 1, 0, 5);
INSERT IGNORE INTO `demand` (`entity_id`, `ressource_id`, `percent`, `sold`, `price_modifier`) VALUES
	(3, 13, 1, 0, 5);
INSERT IGNORE INTO `demand` (`entity_id`, `ressource_id`, `percent`, `sold`, `price_modifier`) VALUES
	(3, 14, 1, 0, 5);
INSERT IGNORE INTO `demand` (`entity_id`, `ressource_id`, `percent`, `sold`, `price_modifier`) VALUES
	(24, 4, 1, 0, 5);
INSERT IGNORE INTO `demand` (`entity_id`, `ressource_id`, `percent`, `sold`, `price_modifier`) VALUES
	(24, 13, 1, 0, 5);
INSERT IGNORE INTO `demand` (`entity_id`, `ressource_id`, `percent`, `sold`, `price_modifier`) VALUES
	(24, 14, 1, 0, 5);
INSERT IGNORE INTO `demand` (`entity_id`, `ressource_id`, `percent`, `sold`, `price_modifier`) VALUES
	(25, 4, 1, 0, 5);
INSERT IGNORE INTO `demand` (`entity_id`, `ressource_id`, `percent`, `sold`, `price_modifier`) VALUES
	(25, 13, 1, 0, 5);
INSERT IGNORE INTO `demand` (`entity_id`, `ressource_id`, `percent`, `sold`, `price_modifier`) VALUES
	(25, 14, 1, 0, 5);
INSERT IGNORE INTO `demand` (`entity_id`, `ressource_id`, `percent`, `sold`, `price_modifier`) VALUES
	(26, 4, 1, 0, 5);
INSERT IGNORE INTO `demand` (`entity_id`, `ressource_id`, `percent`, `sold`, `price_modifier`) VALUES
	(26, 13, 1, 0, 5);
INSERT IGNORE INTO `demand` (`entity_id`, `ressource_id`, `percent`, `sold`, `price_modifier`) VALUES
	(26, 14, 1, 0, 5);
INSERT IGNORE INTO `demand` (`entity_id`, `ressource_id`, `percent`, `sold`, `price_modifier`) VALUES
	(27, 4, 1, 0, 5);
INSERT IGNORE INTO `demand` (`entity_id`, `ressource_id`, `percent`, `sold`, `price_modifier`) VALUES
	(27, 13, 1, 0, 5);
INSERT IGNORE INTO `demand` (`entity_id`, `ressource_id`, `percent`, `sold`, `price_modifier`) VALUES
	(27, 14, 1, 0, 5);
INSERT IGNORE INTO `demand` (`entity_id`, `ressource_id`, `percent`, `sold`, `price_modifier`) VALUES
	(28, 4, 1, 0, 5);
INSERT IGNORE INTO `demand` (`entity_id`, `ressource_id`, `percent`, `sold`, `price_modifier`) VALUES
	(28, 13, 1, 0, 5);
INSERT IGNORE INTO `demand` (`entity_id`, `ressource_id`, `percent`, `sold`, `price_modifier`) VALUES
	(28, 14, 1, 0, 5);
INSERT IGNORE INTO `demand` (`entity_id`, `ressource_id`, `percent`, `sold`, `price_modifier`) VALUES
	(29, 4, 1, 0, 5);
INSERT IGNORE INTO `demand` (`entity_id`, `ressource_id`, `percent`, `sold`, `price_modifier`) VALUES
	(29, 13, 1, 0, 5);
INSERT IGNORE INTO `demand` (`entity_id`, `ressource_id`, `percent`, `sold`, `price_modifier`) VALUES
	(29, 14, 1, 0, 5);
INSERT IGNORE INTO `demand` (`entity_id`, `ressource_id`, `percent`, `sold`, `price_modifier`) VALUES
	(30, 4, 1, 0, 5);
INSERT IGNORE INTO `demand` (`entity_id`, `ressource_id`, `percent`, `sold`, `price_modifier`) VALUES
	(30, 13, 1, 0, 5);
INSERT IGNORE INTO `demand` (`entity_id`, `ressource_id`, `percent`, `sold`, `price_modifier`) VALUES
	(30, 14, 1, 0, 5);
INSERT IGNORE INTO `demand` (`entity_id`, `ressource_id`, `percent`, `sold`, `price_modifier`) VALUES
	(31, 4, 1, 0, 5);
INSERT IGNORE INTO `demand` (`entity_id`, `ressource_id`, `percent`, `sold`, `price_modifier`) VALUES
	(31, 13, 1, 0, 5);
INSERT IGNORE INTO `demand` (`entity_id`, `ressource_id`, `percent`, `sold`, `price_modifier`) VALUES
	(31, 14, 1, 0, 5);
INSERT IGNORE INTO `demand` (`entity_id`, `ressource_id`, `percent`, `sold`, `price_modifier`) VALUES
	(32, 4, 1, 0, 5);
INSERT IGNORE INTO `demand` (`entity_id`, `ressource_id`, `percent`, `sold`, `price_modifier`) VALUES
	(32, 13, 1, 0, 5);
INSERT IGNORE INTO `demand` (`entity_id`, `ressource_id`, `percent`, `sold`, `price_modifier`) VALUES
	(32, 14, 1, 0, 5);
INSERT IGNORE INTO `demand` (`entity_id`, `ressource_id`, `percent`, `sold`, `price_modifier`) VALUES
	(33, 4, 1, 0, 5);
INSERT IGNORE INTO `demand` (`entity_id`, `ressource_id`, `percent`, `sold`, `price_modifier`) VALUES
	(33, 13, 1, 0, 5);
INSERT IGNORE INTO `demand` (`entity_id`, `ressource_id`, `percent`, `sold`, `price_modifier`) VALUES
	(33, 14, 1, 0, 5);
INSERT IGNORE INTO `demand` (`entity_id`, `ressource_id`, `percent`, `sold`, `price_modifier`) VALUES
	(34, 4, 1, 0, 5);
INSERT IGNORE INTO `demand` (`entity_id`, `ressource_id`, `percent`, `sold`, `price_modifier`) VALUES
	(34, 13, 1, 0, 5);
INSERT IGNORE INTO `demand` (`entity_id`, `ressource_id`, `percent`, `sold`, `price_modifier`) VALUES
	(34, 14, 1, 0, 5);
INSERT IGNORE INTO `demand` (`entity_id`, `ressource_id`, `percent`, `sold`, `price_modifier`) VALUES
	(35, 4, 1, 0, 5);
INSERT IGNORE INTO `demand` (`entity_id`, `ressource_id`, `percent`, `sold`, `price_modifier`) VALUES
	(35, 13, 1, 0, 5);
INSERT IGNORE INTO `demand` (`entity_id`, `ressource_id`, `percent`, `sold`, `price_modifier`) VALUES
	(35, 14, 1, 0, 5);
INSERT IGNORE INTO `demand` (`entity_id`, `ressource_id`, `percent`, `sold`, `price_modifier`) VALUES
	(36, 4, 1, 0, 5);
INSERT IGNORE INTO `demand` (`entity_id`, `ressource_id`, `percent`, `sold`, `price_modifier`) VALUES
	(36, 13, 1, 0, 5);
INSERT IGNORE INTO `demand` (`entity_id`, `ressource_id`, `percent`, `sold`, `price_modifier`) VALUES
	(36, 14, 1, 0, 5);
INSERT IGNORE INTO `demand` (`entity_id`, `ressource_id`, `percent`, `sold`, `price_modifier`) VALUES
	(37, 4, 1, 0, 5);
INSERT IGNORE INTO `demand` (`entity_id`, `ressource_id`, `percent`, `sold`, `price_modifier`) VALUES
	(37, 13, 1, 0, 5);
INSERT IGNORE INTO `demand` (`entity_id`, `ressource_id`, `percent`, `sold`, `price_modifier`) VALUES
	(37, 14, 1, 0, 5);
INSERT IGNORE INTO `demand` (`entity_id`, `ressource_id`, `percent`, `sold`, `price_modifier`) VALUES
	(38, 4, 1, 0, 5);
INSERT IGNORE INTO `demand` (`entity_id`, `ressource_id`, `percent`, `sold`, `price_modifier`) VALUES
	(38, 13, 1, 0, 5);
INSERT IGNORE INTO `demand` (`entity_id`, `ressource_id`, `percent`, `sold`, `price_modifier`) VALUES
	(38, 14, 1, 0, 5);
INSERT IGNORE INTO `demand` (`entity_id`, `ressource_id`, `percent`, `sold`, `price_modifier`) VALUES
	(39, 4, 1, 0, 5);
INSERT IGNORE INTO `demand` (`entity_id`, `ressource_id`, `percent`, `sold`, `price_modifier`) VALUES
	(39, 13, 1, 0, 5);
INSERT IGNORE INTO `demand` (`entity_id`, `ressource_id`, `percent`, `sold`, `price_modifier`) VALUES
	(39, 14, 1, 0, 5);
INSERT IGNORE INTO `demand` (`entity_id`, `ressource_id`, `percent`, `sold`, `price_modifier`) VALUES
	(40, 4, 1, 0, 5);
INSERT IGNORE INTO `demand` (`entity_id`, `ressource_id`, `percent`, `sold`, `price_modifier`) VALUES
	(40, 13, 1, 0, 5);
INSERT IGNORE INTO `demand` (`entity_id`, `ressource_id`, `percent`, `sold`, `price_modifier`) VALUES
	(40, 14, 1, 0, 5);
INSERT IGNORE INTO `demand` (`entity_id`, `ressource_id`, `percent`, `sold`, `price_modifier`) VALUES
	(41, 4, 1, 0, 5);
INSERT IGNORE INTO `demand` (`entity_id`, `ressource_id`, `percent`, `sold`, `price_modifier`) VALUES
	(41, 13, 1, 0, 5);
INSERT IGNORE INTO `demand` (`entity_id`, `ressource_id`, `percent`, `sold`, `price_modifier`) VALUES
	(41, 14, 1, 0, 5);
INSERT IGNORE INTO `demand` (`entity_id`, `ressource_id`, `percent`, `sold`, `price_modifier`) VALUES
	(42, 4, 1, 0, 5);
INSERT IGNORE INTO `demand` (`entity_id`, `ressource_id`, `percent`, `sold`, `price_modifier`) VALUES
	(42, 13, 1, 0, 5);
INSERT IGNORE INTO `demand` (`entity_id`, `ressource_id`, `percent`, `sold`, `price_modifier`) VALUES
	(42, 14, 1, 0, 5);
INSERT IGNORE INTO `demand` (`entity_id`, `ressource_id`, `percent`, `sold`, `price_modifier`) VALUES
	(45, 4, 1, 0, 5);
INSERT IGNORE INTO `demand` (`entity_id`, `ressource_id`, `percent`, `sold`, `price_modifier`) VALUES
	(45, 13, 1, 0, 5);
INSERT IGNORE INTO `demand` (`entity_id`, `ressource_id`, `percent`, `sold`, `price_modifier`) VALUES
	(45, 14, 1, 0, 5);
INSERT IGNORE INTO `demand` (`entity_id`, `ressource_id`, `percent`, `sold`, `price_modifier`) VALUES
	(46, 4, 1, 0, 5);
INSERT IGNORE INTO `demand` (`entity_id`, `ressource_id`, `percent`, `sold`, `price_modifier`) VALUES
	(46, 13, 1, 0, 5);
INSERT IGNORE INTO `demand` (`entity_id`, `ressource_id`, `percent`, `sold`, `price_modifier`) VALUES
	(46, 14, 1, 0, 5);
INSERT IGNORE INTO `demand` (`entity_id`, `ressource_id`, `percent`, `sold`, `price_modifier`) VALUES
	(47, 4, 1, 0, 5);
INSERT IGNORE INTO `demand` (`entity_id`, `ressource_id`, `percent`, `sold`, `price_modifier`) VALUES
	(47, 13, 1, 0, 5);
INSERT IGNORE INTO `demand` (`entity_id`, `ressource_id`, `percent`, `sold`, `price_modifier`) VALUES
	(47, 14, 1, 0, 5);
INSERT IGNORE INTO `demand` (`entity_id`, `ressource_id`, `percent`, `sold`, `price_modifier`) VALUES
	(48, 4, 1, 0, 5);
INSERT IGNORE INTO `demand` (`entity_id`, `ressource_id`, `percent`, `sold`, `price_modifier`) VALUES
	(48, 13, 1, 0, 5);
INSERT IGNORE INTO `demand` (`entity_id`, `ressource_id`, `percent`, `sold`, `price_modifier`) VALUES
	(48, 14, 1, 0, 5);
INSERT IGNORE INTO `demand` (`entity_id`, `ressource_id`, `percent`, `sold`, `price_modifier`) VALUES
	(49, 4, 1, 0, 5);
INSERT IGNORE INTO `demand` (`entity_id`, `ressource_id`, `percent`, `sold`, `price_modifier`) VALUES
	(49, 13, 1, 0, 5);
INSERT IGNORE INTO `demand` (`entity_id`, `ressource_id`, `percent`, `sold`, `price_modifier`) VALUES
	(49, 14, 1, 0, 5);
INSERT IGNORE INTO `demand` (`entity_id`, `ressource_id`, `percent`, `sold`, `price_modifier`) VALUES
	(96, 4, 1, 0, 5);
INSERT IGNORE INTO `demand` (`entity_id`, `ressource_id`, `percent`, `sold`, `price_modifier`) VALUES
	(96, 13, 1, 0, 5);
INSERT IGNORE INTO `demand` (`entity_id`, `ressource_id`, `percent`, `sold`, `price_modifier`) VALUES
	(96, 14, 1, 0, 5);
/*!40000 ALTER TABLE `demand` ENABLE KEYS */;

-- Dumping data for table gigablaster.entity: ~15 rows (approximately)
/*!40000 ALTER TABLE `entity` DISABLE KEYS */;
INSERT IGNORE INTO `entity` (`id`, `user_id`, `type_id`, `label`) VALUES
	(3, NULL, 1, NULL);
INSERT IGNORE INTO `entity` (`id`, `user_id`, `type_id`, `label`) VALUES
	(7, NULL, 10, NULL);
INSERT IGNORE INTO `entity` (`id`, `user_id`, `type_id`, `label`) VALUES
	(8, NULL, 10, NULL);
INSERT IGNORE INTO `entity` (`id`, `user_id`, `type_id`, `label`) VALUES
	(9, NULL, 10, NULL);
INSERT IGNORE INTO `entity` (`id`, `user_id`, `type_id`, `label`) VALUES
	(45, NULL, 1, NULL);
INSERT IGNORE INTO `entity` (`id`, `user_id`, `type_id`, `label`) VALUES
	(46, NULL, 1, NULL);
INSERT IGNORE INTO `entity` (`id`, `user_id`, `type_id`, `label`) VALUES
	(47, NULL, 1, NULL);
INSERT IGNORE INTO `entity` (`id`, `user_id`, `type_id`, `label`) VALUES
	(48, NULL, 1, NULL);
INSERT IGNORE INTO `entity` (`id`, `user_id`, `type_id`, `label`) VALUES
	(49, NULL, 1, NULL);
INSERT IGNORE INTO `entity` (`id`, `user_id`, `type_id`, `label`) VALUES
	(50, 1, 2, NULL);
INSERT IGNORE INTO `entity` (`id`, `user_id`, `type_id`, `label`) VALUES
	(51, 1, 3, NULL);
INSERT IGNORE INTO `entity` (`id`, `user_id`, `type_id`, `label`) VALUES
	(77, 1, 8, NULL);
INSERT IGNORE INTO `entity` (`id`, `user_id`, `type_id`, `label`) VALUES
	(94, 1, 11, NULL);
INSERT IGNORE INTO `entity` (`id`, `user_id`, `type_id`, `label`) VALUES
	(95, 1, 12, NULL);
INSERT IGNORE INTO `entity` (`id`, `user_id`, `type_id`, `label`) VALUES
	(96, NULL, 1, NULL);
INSERT IGNORE INTO `entity` (`id`, `user_id`, `type_id`, `label`) VALUES
	(98, 1, 4, NULL);
/*!40000 ALTER TABLE `entity` ENABLE KEYS */;

-- Dumping data for table gigablaster.entitytype: ~12 rows (approximately)
/*!40000 ALTER TABLE `entitytype` DISABLE KEYS */;
INSERT IGNORE INTO `entitytype` (`id`, `label`, `value_base`) VALUES
	(1, 'city', 0);
INSERT IGNORE INTO `entitytype` (`id`, `label`, `value_base`) VALUES
	(2, 'wood cutter', 1000);
INSERT IGNORE INTO `entitytype` (`id`, `label`, `value_base`) VALUES
	(3, 'sawmill', 100);
INSERT IGNORE INTO `entitytype` (`id`, `label`, `value_base`) VALUES
	(4, 'merchant', 0);
INSERT IGNORE INTO `entitytype` (`id`, `label`, `value_base`) VALUES
	(5, 'quarry', 1000000000);
INSERT IGNORE INTO `entitytype` (`id`, `label`, `value_base`) VALUES
	(6, 'workshop', 100);
INSERT IGNORE INTO `entitytype` (`id`, `label`, `value_base`) VALUES
	(7, 'blacksmith', 100);
INSERT IGNORE INTO `entitytype` (`id`, `label`, `value_base`) VALUES
	(8, 'farm', 100);
INSERT IGNORE INTO `entitytype` (`id`, `label`, `value_base`) VALUES
	(9, 'well', 100);
INSERT IGNORE INTO `entitytype` (`id`, `label`, `value_base`) VALUES
	(10, 'trade route', 0);
INSERT IGNORE INTO `entitytype` (`id`, `label`, `value_base`) VALUES
	(11, 'windmill', 100);
INSERT IGNORE INTO `entitytype` (`id`, `label`, `value_base`) VALUES
	(12, 'bakery', 100);
/*!40000 ALTER TABLE `entitytype` ENABLE KEYS */;

-- Dumping data for table gigablaster.entitytype_prodtype_assoc: ~17 rows (approximately)
/*!40000 ALTER TABLE `entitytype_prodtype_assoc` DISABLE KEYS */;
INSERT IGNORE INTO `entitytype_prodtype_assoc` (`entitytype_id`, `prodtype_id`) VALUES
	(2, 2);
INSERT IGNORE INTO `entitytype_prodtype_assoc` (`entitytype_id`, `prodtype_id`) VALUES
	(3, 3);
INSERT IGNORE INTO `entitytype_prodtype_assoc` (`entitytype_id`, `prodtype_id`) VALUES
	(4, 10);
INSERT IGNORE INTO `entitytype_prodtype_assoc` (`entitytype_id`, `prodtype_id`) VALUES
	(4, 201);
INSERT IGNORE INTO `entitytype_prodtype_assoc` (`entitytype_id`, `prodtype_id`) VALUES
	(4, 202);
INSERT IGNORE INTO `entitytype_prodtype_assoc` (`entitytype_id`, `prodtype_id`) VALUES
	(4, 203);
INSERT IGNORE INTO `entitytype_prodtype_assoc` (`entitytype_id`, `prodtype_id`) VALUES
	(4, 204);
INSERT IGNORE INTO `entitytype_prodtype_assoc` (`entitytype_id`, `prodtype_id`) VALUES
	(5, 4);
INSERT IGNORE INTO `entitytype_prodtype_assoc` (`entitytype_id`, `prodtype_id`) VALUES
	(6, 5);
INSERT IGNORE INTO `entitytype_prodtype_assoc` (`entitytype_id`, `prodtype_id`) VALUES
	(8, 6);
INSERT IGNORE INTO `entitytype_prodtype_assoc` (`entitytype_id`, `prodtype_id`) VALUES
	(10, 9);
INSERT IGNORE INTO `entitytype_prodtype_assoc` (`entitytype_id`, `prodtype_id`) VALUES
	(10, 101);
INSERT IGNORE INTO `entitytype_prodtype_assoc` (`entitytype_id`, `prodtype_id`) VALUES
	(10, 102);
INSERT IGNORE INTO `entitytype_prodtype_assoc` (`entitytype_id`, `prodtype_id`) VALUES
	(10, 103);
INSERT IGNORE INTO `entitytype_prodtype_assoc` (`entitytype_id`, `prodtype_id`) VALUES
	(10, 104);
INSERT IGNORE INTO `entitytype_prodtype_assoc` (`entitytype_id`, `prodtype_id`) VALUES
	(11, 7);
INSERT IGNORE INTO `entitytype_prodtype_assoc` (`entitytype_id`, `prodtype_id`) VALUES
	(12, 8);
/*!40000 ALTER TABLE `entitytype_prodtype_assoc` ENABLE KEYS */;

-- Dumping data for table gigablaster.entity_location_assoc: ~12 rows (approximately)
/*!40000 ALTER TABLE `entity_location_assoc` DISABLE KEYS */;
INSERT IGNORE INTO `entity_location_assoc` (`entity_id`, `location_x`, `location_y`) VALUES
	(3, 67, 61);
INSERT IGNORE INTO `entity_location_assoc` (`entity_id`, `location_x`, `location_y`) VALUES
	(45, 7, 4);
INSERT IGNORE INTO `entity_location_assoc` (`entity_id`, `location_x`, `location_y`) VALUES
	(46, 7, 7);
INSERT IGNORE INTO `entity_location_assoc` (`entity_id`, `location_x`, `location_y`) VALUES
	(47, 8, 3);
INSERT IGNORE INTO `entity_location_assoc` (`entity_id`, `location_x`, `location_y`) VALUES
	(48, 9, 3);
INSERT IGNORE INTO `entity_location_assoc` (`entity_id`, `location_x`, `location_y`) VALUES
	(49, 10, 5);
INSERT IGNORE INTO `entity_location_assoc` (`entity_id`, `location_x`, `location_y`) VALUES
	(50, 7, 4);
INSERT IGNORE INTO `entity_location_assoc` (`entity_id`, `location_x`, `location_y`) VALUES
	(51, 7, 4);
INSERT IGNORE INTO `entity_location_assoc` (`entity_id`, `location_x`, `location_y`) VALUES
	(77, 8, 5);
INSERT IGNORE INTO `entity_location_assoc` (`entity_id`, `location_x`, `location_y`) VALUES
	(94, 8, 5);
INSERT IGNORE INTO `entity_location_assoc` (`entity_id`, `location_x`, `location_y`) VALUES
	(95, 8, 5);
INSERT IGNORE INTO `entity_location_assoc` (`entity_id`, `location_x`, `location_y`) VALUES
	(96, 8, 5);
/*!40000 ALTER TABLE `entity_location_assoc` ENABLE KEYS */;

-- Dumping data for table gigablaster.gamestate: ~0 rows (approximately)
/*!40000 ALTER TABLE `gamestate` DISABLE KEYS */;
/*!40000 ALTER TABLE `gamestate` ENABLE KEYS */;

-- Dumping data for table gigablaster.player: ~0 rows (approximately)
/*!40000 ALTER TABLE `player` DISABLE KEYS */;
INSERT IGNORE INTO `player` (`user_id`, `name`, `credit`, `income`) VALUES
	(1, 'Sir toto', 97635, 15);
INSERT IGNORE INTO `player` (`user_id`, `name`, `credit`, `income`) VALUES
	(2, 'Mastert itit', 100, 0);
/*!40000 ALTER TABLE `player` ENABLE KEYS */;

-- Dumping data for table gigablaster.population: ~6 rows (approximately)
/*!40000 ALTER TABLE `population` DISABLE KEYS */;
INSERT IGNORE INTO `population` (`entity_id`, `quantity`, `growth`) VALUES
	(3, 1, 0);
INSERT IGNORE INTO `population` (`entity_id`, `quantity`, `growth`) VALUES
	(45, 10, 1);
INSERT IGNORE INTO `population` (`entity_id`, `quantity`, `growth`) VALUES
	(46, 10, 1);
INSERT IGNORE INTO `population` (`entity_id`, `quantity`, `growth`) VALUES
	(47, 10, 1);
INSERT IGNORE INTO `population` (`entity_id`, `quantity`, `growth`) VALUES
	(48, 10, 1);
INSERT IGNORE INTO `population` (`entity_id`, `quantity`, `growth`) VALUES
	(49, 10, 1);
INSERT IGNORE INTO `population` (`entity_id`, `quantity`, `growth`) VALUES
	(96, 10, 1);
/*!40000 ALTER TABLE `population` ENABLE KEYS */;

-- Dumping data for table gigablaster.prod: ~9 rows (approximately)
/*!40000 ALTER TABLE `prod` DISABLE KEYS */;
INSERT IGNORE INTO `prod` (`id`, `entity_id`, `prodtype_id`, `location_x`, `location_y`, `percent_max`) VALUES
	(4, 7, 9, 10, 5, 0);
INSERT IGNORE INTO `prod` (`id`, `entity_id`, `prodtype_id`, `location_x`, `location_y`, `percent_max`) VALUES
	(5, 8, 9, 9, 3, 0);
INSERT IGNORE INTO `prod` (`id`, `entity_id`, `prodtype_id`, `location_x`, `location_y`, `percent_max`) VALUES
	(6, 9, 9, 8, 3, 0);
INSERT IGNORE INTO `prod` (`id`, `entity_id`, `prodtype_id`, `location_x`, `location_y`, `percent_max`) VALUES
	(12, 50, 2, 7, 4, 0.72);
INSERT IGNORE INTO `prod` (`id`, `entity_id`, `prodtype_id`, `location_x`, `location_y`, `percent_max`) VALUES
	(13, 51, 3, 7, 4, 1);
INSERT IGNORE INTO `prod` (`id`, `entity_id`, `prodtype_id`, `location_x`, `location_y`, `percent_max`) VALUES
	(39, 77, 6, 8, 5, 1);
INSERT IGNORE INTO `prod` (`id`, `entity_id`, `prodtype_id`, `location_x`, `location_y`, `percent_max`) VALUES
	(44, 94, 7, 8, 5, 1);
INSERT IGNORE INTO `prod` (`id`, `entity_id`, `prodtype_id`, `location_x`, `location_y`, `percent_max`) VALUES
	(45, 95, 8, 8, 5, 1);
INSERT IGNORE INTO `prod` (`id`, `entity_id`, `prodtype_id`, `location_x`, `location_y`, `percent_max`) VALUES
	(46, 98, 204, 8, 5, 1);
/*!40000 ALTER TABLE `prod` ENABLE KEYS */;

-- Dumping data for table gigablaster.prodinput: ~9 rows (approximately)
/*!40000 ALTER TABLE `prodinput` DISABLE KEYS */;
INSERT IGNORE INTO `prodinput` (`id`, `prod_id`, `prodinputtype_id`, `location_x`, `location_y`) VALUES
	(4, 4, 7, 10, 5);
INSERT IGNORE INTO `prodinput` (`id`, `prod_id`, `prodinputtype_id`, `location_x`, `location_y`) VALUES
	(5, 5, 7, 9, 3);
INSERT IGNORE INTO `prodinput` (`id`, `prod_id`, `prodinputtype_id`, `location_x`, `location_y`) VALUES
	(6, 6, 7, 8, 3);
INSERT IGNORE INTO `prodinput` (`id`, `prod_id`, `prodinputtype_id`, `location_x`, `location_y`) VALUES
	(13, 12, 4, 7, 4);
INSERT IGNORE INTO `prodinput` (`id`, `prod_id`, `prodinputtype_id`, `location_x`, `location_y`) VALUES
	(14, 13, 2, 7, 4);
INSERT IGNORE INTO `prodinput` (`id`, `prod_id`, `prodinputtype_id`, `location_x`, `location_y`) VALUES
	(40, 39, 4, 8, 5);
INSERT IGNORE INTO `prodinput` (`id`, `prod_id`, `prodinputtype_id`, `location_x`, `location_y`) VALUES
	(45, 44, 5, 8, 5);
INSERT IGNORE INTO `prodinput` (`id`, `prod_id`, `prodinputtype_id`, `location_x`, `location_y`) VALUES
	(46, 45, 6, 8, 5);
INSERT IGNORE INTO `prodinput` (`id`, `prod_id`, `prodinputtype_id`, `location_x`, `location_y`) VALUES
	(47, 46, 204, 8, 5);
/*!40000 ALTER TABLE `prodinput` ENABLE KEYS */;

-- Dumping data for table gigablaster.prodinputtype: ~14 rows (approximately)
/*!40000 ALTER TABLE `prodinputtype` DISABLE KEYS */;
INSERT IGNORE INTO `prodinputtype` (`id`, `ressource_id`, `quantity`, `comment`) VALUES
	(2, 4, 5, NULL);
INSERT IGNORE INTO `prodinputtype` (`id`, `ressource_id`, `quantity`, `comment`) VALUES
	(3, 14, 5, NULL);
INSERT IGNORE INTO `prodinputtype` (`id`, `ressource_id`, `quantity`, `comment`) VALUES
	(4, 34, 1, 'forest');
INSERT IGNORE INTO `prodinputtype` (`id`, `ressource_id`, `quantity`, `comment`) VALUES
	(5, 49, 1, 'wheat to floor');
INSERT IGNORE INTO `prodinputtype` (`id`, `ressource_id`, `quantity`, `comment`) VALUES
	(6, 50, 1, 'floor to bread');
INSERT IGNORE INTO `prodinputtype` (`id`, `ressource_id`, `quantity`, `comment`) VALUES
	(7, 4, 1, 'transport: wood');
INSERT IGNORE INTO `prodinputtype` (`id`, `ressource_id`, `quantity`, `comment`) VALUES
	(8, 4, 1, 'sell : wood');
INSERT IGNORE INTO `prodinputtype` (`id`, `ressource_id`, `quantity`, `comment`) VALUES
	(101, 5, 1, 'transport: plank');
INSERT IGNORE INTO `prodinputtype` (`id`, `ressource_id`, `quantity`, `comment`) VALUES
	(102, 49, 1, 'transport: wheat');
INSERT IGNORE INTO `prodinputtype` (`id`, `ressource_id`, `quantity`, `comment`) VALUES
	(103, 50, 1, 'transport: floor');
INSERT IGNORE INTO `prodinputtype` (`id`, `ressource_id`, `quantity`, `comment`) VALUES
	(104, 51, 1, 'transport: bread');
INSERT IGNORE INTO `prodinputtype` (`id`, `ressource_id`, `quantity`, `comment`) VALUES
	(201, 5, 1, 'sell: plank');
INSERT IGNORE INTO `prodinputtype` (`id`, `ressource_id`, `quantity`, `comment`) VALUES
	(202, 49, 1, 'sell: wheat');
INSERT IGNORE INTO `prodinputtype` (`id`, `ressource_id`, `quantity`, `comment`) VALUES
	(203, 50, 1, 'sell: floor');
INSERT IGNORE INTO `prodinputtype` (`id`, `ressource_id`, `quantity`, `comment`) VALUES
	(204, 51, 1, 'sell: bread');
/*!40000 ALTER TABLE `prodinputtype` ENABLE KEYS */;

-- Dumping data for table gigablaster.prodtype: ~16 rows (approximately)
/*!40000 ALTER TABLE `prodtype` DISABLE KEYS */;
INSERT IGNORE INTO `prodtype` (`id`, `ressource_id`, `quantity`, `comment`) VALUES
	(1, 1, 1, NULL);
INSERT IGNORE INTO `prodtype` (`id`, `ressource_id`, `quantity`, `comment`) VALUES
	(2, 4, 10, 'pinewood cuter');
INSERT IGNORE INTO `prodtype` (`id`, `ressource_id`, `quantity`, `comment`) VALUES
	(3, 5, 5, 'pinewood saw');
INSERT IGNORE INTO `prodtype` (`id`, `ressource_id`, `quantity`, `comment`) VALUES
	(4, 14, 2, 'stone');
INSERT IGNORE INTO `prodtype` (`id`, `ressource_id`, `quantity`, `comment`) VALUES
	(5, 13, 1, 'tool');
INSERT IGNORE INTO `prodtype` (`id`, `ressource_id`, `quantity`, `comment`) VALUES
	(6, 49, 1, 'wheat');
INSERT IGNORE INTO `prodtype` (`id`, `ressource_id`, `quantity`, `comment`) VALUES
	(7, 50, 1, 'whet to floor');
INSERT IGNORE INTO `prodtype` (`id`, `ressource_id`, `quantity`, `comment`) VALUES
	(8, 51, 1, 'floor to bread');
INSERT IGNORE INTO `prodtype` (`id`, `ressource_id`, `quantity`, `comment`) VALUES
	(9, 4, 1, 'transport: pinewood');
INSERT IGNORE INTO `prodtype` (`id`, `ressource_id`, `quantity`, `comment`) VALUES
	(10, 1, 1, 'sell pinewood');
INSERT IGNORE INTO `prodtype` (`id`, `ressource_id`, `quantity`, `comment`) VALUES
	(101, 5, 1, 'transport: pinewood plank');
INSERT IGNORE INTO `prodtype` (`id`, `ressource_id`, `quantity`, `comment`) VALUES
	(102, 49, 1, 'transport: wheat');
INSERT IGNORE INTO `prodtype` (`id`, `ressource_id`, `quantity`, `comment`) VALUES
	(103, 50, 1, 'transport: floor');
INSERT IGNORE INTO `prodtype` (`id`, `ressource_id`, `quantity`, `comment`) VALUES
	(104, 51, 1, 'transport: bread');
INSERT IGNORE INTO `prodtype` (`id`, `ressource_id`, `quantity`, `comment`) VALUES
	(201, 1, 1, 'sell: plank');
INSERT IGNORE INTO `prodtype` (`id`, `ressource_id`, `quantity`, `comment`) VALUES
	(202, 1, 1, 'sell: wheat');
INSERT IGNORE INTO `prodtype` (`id`, `ressource_id`, `quantity`, `comment`) VALUES
	(203, 1, 1, 'sell: floor');
INSERT IGNORE INTO `prodtype` (`id`, `ressource_id`, `quantity`, `comment`) VALUES
	(204, 1, 1, 'sell: bread');
/*!40000 ALTER TABLE `prodtype` ENABLE KEYS */;

-- Dumping data for table gigablaster.prodtype_prodinputtype_assoc: ~17 rows (approximately)
/*!40000 ALTER TABLE `prodtype_prodinputtype_assoc` DISABLE KEYS */;
INSERT IGNORE INTO `prodtype_prodinputtype_assoc` (`prodtype_id`, `prodinputtype_id`) VALUES
	(2, 4);
INSERT IGNORE INTO `prodtype_prodinputtype_assoc` (`prodtype_id`, `prodinputtype_id`) VALUES
	(3, 2);
INSERT IGNORE INTO `prodtype_prodinputtype_assoc` (`prodtype_id`, `prodinputtype_id`) VALUES
	(5, 2);
INSERT IGNORE INTO `prodtype_prodinputtype_assoc` (`prodtype_id`, `prodinputtype_id`) VALUES
	(6, 4);
INSERT IGNORE INTO `prodtype_prodinputtype_assoc` (`prodtype_id`, `prodinputtype_id`) VALUES
	(7, 5);
INSERT IGNORE INTO `prodtype_prodinputtype_assoc` (`prodtype_id`, `prodinputtype_id`) VALUES
	(7, 9);
INSERT IGNORE INTO `prodtype_prodinputtype_assoc` (`prodtype_id`, `prodinputtype_id`) VALUES
	(8, 6);
INSERT IGNORE INTO `prodtype_prodinputtype_assoc` (`prodtype_id`, `prodinputtype_id`) VALUES
	(9, 7);
INSERT IGNORE INTO `prodtype_prodinputtype_assoc` (`prodtype_id`, `prodinputtype_id`) VALUES
	(10, 8);
INSERT IGNORE INTO `prodtype_prodinputtype_assoc` (`prodtype_id`, `prodinputtype_id`) VALUES
	(11, 9);
INSERT IGNORE INTO `prodtype_prodinputtype_assoc` (`prodtype_id`, `prodinputtype_id`) VALUES
	(101, 101);
INSERT IGNORE INTO `prodtype_prodinputtype_assoc` (`prodtype_id`, `prodinputtype_id`) VALUES
	(102, 102);
INSERT IGNORE INTO `prodtype_prodinputtype_assoc` (`prodtype_id`, `prodinputtype_id`) VALUES
	(103, 103);
INSERT IGNORE INTO `prodtype_prodinputtype_assoc` (`prodtype_id`, `prodinputtype_id`) VALUES
	(104, 104);
INSERT IGNORE INTO `prodtype_prodinputtype_assoc` (`prodtype_id`, `prodinputtype_id`) VALUES
	(201, 201);
INSERT IGNORE INTO `prodtype_prodinputtype_assoc` (`prodtype_id`, `prodinputtype_id`) VALUES
	(202, 202);
INSERT IGNORE INTO `prodtype_prodinputtype_assoc` (`prodtype_id`, `prodinputtype_id`) VALUES
	(203, 203);
INSERT IGNORE INTO `prodtype_prodinputtype_assoc` (`prodtype_id`, `prodinputtype_id`) VALUES
	(204, 204);
/*!40000 ALTER TABLE `prodtype_prodinputtype_assoc` ENABLE KEYS */;

-- Dumping data for table gigablaster.rescategory: ~9 rows (approximately)
/*!40000 ALTER TABLE `rescategory` DISABLE KEYS */;
INSERT IGNORE INTO `rescategory` (`id`, `label`) VALUES
	(3, 'advance');
INSERT IGNORE INTO `rescategory` (`id`, `label`) VALUES
	(2, 'basic');
INSERT IGNORE INTO `rescategory` (`id`, `label`) VALUES
	(1, 'essential');
INSERT IGNORE INTO `rescategory` (`id`, `label`) VALUES
	(5, 'food');
INSERT IGNORE INTO `rescategory` (`id`, `label`) VALUES
	(8, 'metal bar');
INSERT IGNORE INTO `rescategory` (`id`, `label`) VALUES
	(9, 'movable');
INSERT IGNORE INTO `rescategory` (`id`, `label`) VALUES
	(7, 'ore');
INSERT IGNORE INTO `rescategory` (`id`, `label`) VALUES
	(6, 'stone');
INSERT IGNORE INTO `rescategory` (`id`, `label`) VALUES
	(4, 'superfluous');
/*!40000 ALTER TABLE `rescategory` ENABLE KEYS */;

-- Dumping data for table gigablaster.ressource: ~48 rows (approximately)
/*!40000 ALTER TABLE `ressource` DISABLE KEYS */;
INSERT IGNORE INTO `ressource` (`id`, `label`, `baseprice`, `natural`) VALUES
	(1, 'Credit(sell/buy)', 1, 0);
INSERT IGNORE INTO `ressource` (`id`, `label`, `baseprice`, `natural`) VALUES
	(2, 'Red meat', 1, 0);
INSERT IGNORE INTO `ressource` (`id`, `label`, `baseprice`, `natural`) VALUES
	(3, 'Fresh water', 1, 0);
INSERT IGNORE INTO `ressource` (`id`, `label`, `baseprice`, `natural`) VALUES
	(4, 'pinewood', 1, 0);
INSERT IGNORE INTO `ressource` (`id`, `label`, `baseprice`, `natural`) VALUES
	(5, 'pinewood plank', 1, 0);
INSERT IGNORE INTO `ressource` (`id`, `label`, `baseprice`, `natural`) VALUES
	(6, 'Hardwood', 1, 0);
INSERT IGNORE INTO `ressource` (`id`, `label`, `baseprice`, `natural`) VALUES
	(7, 'Hardwood Planks', 1, 0);
INSERT IGNORE INTO `ressource` (`id`, `label`, `baseprice`, `natural`) VALUES
	(8, 'Exotic Wood', 1, 0);
INSERT IGNORE INTO `ressource` (`id`, `label`, `baseprice`, `natural`) VALUES
	(9, 'Exotic Wood Planks', 1, 0);
INSERT IGNORE INTO `ressource` (`id`, `label`, `baseprice`, `natural`) VALUES
	(10, 'Copper Ore', 1, 0);
INSERT IGNORE INTO `ressource` (`id`, `label`, `baseprice`, `natural`) VALUES
	(11, 'Coal', 1, 0);
INSERT IGNORE INTO `ressource` (`id`, `label`, `baseprice`, `natural`) VALUES
	(12, 'Gunpowder', 1, 0);
INSERT IGNORE INTO `ressource` (`id`, `label`, `baseprice`, `natural`) VALUES
	(13, 'tool', 1, 0);
INSERT IGNORE INTO `ressource` (`id`, `label`, `baseprice`, `natural`) VALUES
	(14, 'stone', 1, 0);
INSERT IGNORE INTO `ressource` (`id`, `label`, `baseprice`, `natural`) VALUES
	(15, 'Marble', 1, 0);
INSERT IGNORE INTO `ressource` (`id`, `label`, `baseprice`, `natural`) VALUES
	(16, 'Granite', 1, 0);
INSERT IGNORE INTO `ressource` (`id`, `label`, `baseprice`, `natural`) VALUES
	(17, 'Brew', 1, 0);
INSERT IGNORE INTO `ressource` (`id`, `label`, `baseprice`, `natural`) VALUES
	(18, '', 1, 0);
INSERT IGNORE INTO `ressource` (`id`, `label`, `baseprice`, `natural`) VALUES
	(19, 'Sausages', 1, 0);
INSERT IGNORE INTO `ressource` (`id`, `label`, `baseprice`, `natural`) VALUES
	(20, 'Bows', 1, 0);
INSERT IGNORE INTO `ressource` (`id`, `label`, `baseprice`, `natural`) VALUES
	(21, 'Bronze bar', 1, 0);
INSERT IGNORE INTO `ressource` (`id`, `label`, `baseprice`, `natural`) VALUES
	(22, 'Iron Swords', 1, 0);
INSERT IGNORE INTO `ressource` (`id`, `label`, `baseprice`, `natural`) VALUES
	(23, 'Steel bar', 1, 0);
INSERT IGNORE INTO `ressource` (`id`, `label`, `baseprice`, `natural`) VALUES
	(24, 'Gold Bar', 1, 0);
INSERT IGNORE INTO `ressource` (`id`, `label`, `baseprice`, `natural`) VALUES
	(25, 'Bronze Swords', 1, 0);
INSERT IGNORE INTO `ressource` (`id`, `label`, `baseprice`, `natural`) VALUES
	(26, 'Steel Swords', 1, 0);
INSERT IGNORE INTO `ressource` (`id`, `label`, `baseprice`, `natural`) VALUES
	(27, 'Longbows', 1, 0);
INSERT IGNORE INTO `ressource` (`id`, `label`, `baseprice`, `natural`) VALUES
	(28, 'Crossbows', 1, 0);
INSERT IGNORE INTO `ressource` (`id`, `label`, `baseprice`, `natural`) VALUES
	(29, 'Cannons', 1, 0);
INSERT IGNORE INTO `ressource` (`id`, `label`, `baseprice`, `natural`) VALUES
	(30, 'Fl', 1, 0);
INSERT IGNORE INTO `ressource` (`id`, `label`, `baseprice`, `natural`) VALUES
	(31, 'Fish', 1, 0);
INSERT IGNORE INTO `ressource` (`id`, `label`, `baseprice`, `natural`) VALUES
	(32, 'Horse', 1, 0);
INSERT IGNORE INTO `ressource` (`id`, `label`, `baseprice`, `natural`) VALUES
	(33, 'field', 0, 1);
INSERT IGNORE INTO `ressource` (`id`, `label`, `baseprice`, `natural`) VALUES
	(34, 'forest', 0, 1);
INSERT IGNORE INTO `ressource` (`id`, `label`, `baseprice`, `natural`) VALUES
	(35, 'fresh water', 0, 1);
INSERT IGNORE INTO `ressource` (`id`, `label`, `baseprice`, `natural`) VALUES
	(36, 'salt water', 0, 1);
INSERT IGNORE INTO `ressource` (`id`, `label`, `baseprice`, `natural`) VALUES
	(37, 'stone deposit', 0, 1);
INSERT IGNORE INTO `ressource` (`id`, `label`, `baseprice`, `natural`) VALUES
	(38, 'marble deposit', 0, 1);
INSERT IGNORE INTO `ressource` (`id`, `label`, `baseprice`, `natural`) VALUES
	(39, 'granite deposit', 0, 1);
INSERT IGNORE INTO `ressource` (`id`, `label`, `baseprice`, `natural`) VALUES
	(40, 'limestone deposit', 0, 1);
INSERT IGNORE INTO `ressource` (`id`, `label`, `baseprice`, `natural`) VALUES
	(41, 'sandstone deposit', 0, 1);
INSERT IGNORE INTO `ressource` (`id`, `label`, `baseprice`, `natural`) VALUES
	(42, 'copper deposit', 0, 1);
INSERT IGNORE INTO `ressource` (`id`, `label`, `baseprice`, `natural`) VALUES
	(43, 'tin deposit', 0, 1);
INSERT IGNORE INTO `ressource` (`id`, `label`, `baseprice`, `natural`) VALUES
	(44, 'iron deposit', 0, 1);
INSERT IGNORE INTO `ressource` (`id`, `label`, `baseprice`, `natural`) VALUES
	(45, 'coal deposit', 0, 1);
INSERT IGNORE INTO `ressource` (`id`, `label`, `baseprice`, `natural`) VALUES
	(46, 'wool', 1, 0);
INSERT IGNORE INTO `ressource` (`id`, `label`, `baseprice`, `natural`) VALUES
	(47, 'cloth', 1, 0);
INSERT IGNORE INTO `ressource` (`id`, `label`, `baseprice`, `natural`) VALUES
	(48, 'clothing', 1, 0);
INSERT IGNORE INTO `ressource` (`id`, `label`, `baseprice`, `natural`) VALUES
	(49, 'wheat', 1, 0);
INSERT IGNORE INTO `ressource` (`id`, `label`, `baseprice`, `natural`) VALUES
	(50, 'floor', 1, 0);
INSERT IGNORE INTO `ressource` (`id`, `label`, `baseprice`, `natural`) VALUES
	(51, 'bread', 1, 0);
/*!40000 ALTER TABLE `ressource` ENABLE KEYS */;

-- Dumping data for table gigablaster.ressource_rescategory: ~5 rows (approximately)
/*!40000 ALTER TABLE `ressource_rescategory` DISABLE KEYS */;
INSERT IGNORE INTO `ressource_rescategory` (`rescat_id`, `res_id`) VALUES
	(1, 51);
INSERT IGNORE INTO `ressource_rescategory` (`rescat_id`, `res_id`) VALUES
	(9, 4);
INSERT IGNORE INTO `ressource_rescategory` (`rescat_id`, `res_id`) VALUES
	(9, 5);
INSERT IGNORE INTO `ressource_rescategory` (`rescat_id`, `res_id`) VALUES
	(9, 49);
INSERT IGNORE INTO `ressource_rescategory` (`rescat_id`, `res_id`) VALUES
	(9, 50);
INSERT IGNORE INTO `ressource_rescategory` (`rescat_id`, `res_id`) VALUES
	(9, 51);
/*!40000 ALTER TABLE `ressource_rescategory` ENABLE KEYS */;

-- Dumping data for table gigablaster.user: ~2 rows (approximately)
/*!40000 ALTER TABLE `user` DISABLE KEYS */;
INSERT IGNORE INTO `user` (`id`, `player_name`, `email`, `password_shadow`) VALUES
	(1, 'Toto', 'toto@gmail.com', '$2y$12$905JS5gAdmNS.c5VM10ksObhf9sBsWDnl8opgKS6kBJlZ6qxyPIPS');
INSERT IGNORE INTO `user` (`id`, `player_name`, `email`, `password_shadow`) VALUES
	(2, 'Titi', 'titi@gmail.com', '$2y$12$905JS5gAdmNS.c5VM10ksObhf9sBsWDnl8opgKS6kBJlZ6qxyPIPS');
/*!40000 ALTER TABLE `user` ENABLE KEYS */;
/*!40101 SET SQL_MODE=IFNULL(@OLD_SQL_MODE, '') */;
/*!40014 SET FOREIGN_KEY_CHECKS=IF(@OLD_FOREIGN_KEY_CHECKS IS NULL, 1, @OLD_FOREIGN_KEY_CHECKS) */;
/*!40101 SET CHARACTER_SET_CLIENT=@OLD_CHARACTER_SET_CLIENT */;
